"Date","Price","Open","High","Low","Vol.","Change %"
"02/07/2025","51.25","52.27","53.58","50.44","13.25M","-2.27%"
"02/06/2025","52.44","52.20","52.78","51.93","8.15M","1.39%"
"02/05/2025","51.72","50.22","51.78","49.89","6.15M","2.25%"
"02/04/2025","50.58","50.68","51.33","50.17","5.66M","0.64%"
"02/03/2025","50.26","50.65","51.46","49.80","8.08M","-3.97%"
"01/31/2025","52.34","53.04","53.73","51.95","6.40M","-1.75%"
"01/30/2025","53.27","53.57","53.68","51.81","8.39M","-0.93%"
"01/29/2025","53.77","54.04","54.49","53.10","5.51M","-0.19%"
"01/28/2025","53.87","54.11","54.60","52.80","10.46M","-0.13%"
"01/27/2025","53.94","54.89","56.28","53.47","12.67M","-1.03%"
"01/24/2025","54.50","55.58","55.74","54.02","9.24M","-3.13%"
"01/23/2025","56.26","55.05","56.30","54.66","9.15M","0.41%"
"01/22/2025","56.03","55.00","56.63","55.00","8.09M","0.76%"
"01/21/2025","55.61","55.10","56.11","54.87","6.34M","1.79%"
"01/17/2025","54.63","54.58","55.08","54.37","7.30M","2.09%"
"01/16/2025","53.51","55.20","55.48","53.46","8.66M","-3.11%"
"01/15/2025","55.23","56.72","56.75","55.14","7.97M","0.09%"
"01/14/2025","55.18","55.27","56.46","54.51","6.35M","-1.24%"
"01/13/2025","55.87","53.20","56.45","53.10","12.20M","3.58%"
"01/10/2025","53.94","56.38","56.60","53.60","17.56M","-7.49%"
"01/08/2025","58.31","62.41","62.59","57.96","14.87M","-7.05%"
"01/07/2025","62.73","64.78","65.25","62.32","9.31M","-2.76%"
"01/06/2025","64.51","64.38","67.00","64.33","7.37M","0.94%"
"01/03/2025","63.91","61.95","64.47","61.58","6.96M","3.57%"
"01/02/2025","61.71","63.81","64.09","61.66","7.39M","-2.13%"
"12/31/2024","63.05","63.79","64.26","62.78","4.30M","-0.65%"
"12/30/2024","63.46","65.18","65.31","63.26","7.23M","-3.86%"
"12/27/2024","66.01","66.70","67.05","65.48","4.75M","-1.51%"
"12/26/2024","67.02","67.05","67.95","66.99","3.66M","-1.30%"
"12/24/2024","67.90","66.63","67.92","66.42","3.04M","1.91%"
"12/23/2024","66.63","65.50","66.99","65.45","5.26M","1.73%"
"12/20/2024","65.50","64.22","66.86","63.94","12.76M","1.08%"
"12/19/2024","64.80","66.13","66.97","64.75","7.63M","-0.20%"
"12/18/2024","64.93","67.89","69.27","64.62","9.81M","-4.15%"
"12/17/2024","67.74","66.99","70.58","66.85","7.81M","1.96%"
"12/16/2024","66.43","65.40","67.28","64.94","6.14M","0.72%"
"12/13/2024","65.96","66.58","66.96","64.80","7.18M","-1.71%"
"12/12/2024","67.11","66.90","67.52","66.26","4.08M","-1.27%"
"12/11/2024","67.97","67.00","68.53","66.44","5.70M","2.46%"
"12/10/2024","66.34","67.90","68.11","66.05","4.63M","-1.98%"
"12/09/2024","67.68","66.52","68.66","66.30","4.96M","1.74%"
"12/06/2024","66.52","66.28","67.04","65.92","5.41M","1.19%"
"12/05/2024","65.74","65.88","66.86","65.14","8.53M","-0.35%"
"12/04/2024","65.97","70.51","70.51","65.35","13.17M","-5.50%"
"12/03/2024","69.81","72.42","73.19","69.69","8.88M","-5.60%"
"12/02/2024","73.95","71.00","74.52","70.75","6.46M","3.98%"
"11/29/2024","71.12","71.00","72.53","70.60","2.90M","1.09%"
"11/27/2024","70.35","70.31","71.33","69.14","3.72M","-0.66%"
"11/26/2024","70.82","73.35","73.43","69.97","5.14M","-2.17%"
"11/25/2024","72.39","71.16","73.49","70.31","6.58M","3.98%"
"11/22/2024","69.62","68.02","69.71","67.51","4.09M","1.68%"
"11/21/2024","68.47","67.90","69.12","66.45","4.72M","1.72%"
"11/20/2024","67.31","65.57","67.36","65.46","5.10M","0.99%"
"11/19/2024","66.65","66.46","67.22","66.00","5.75M","0.26%"
"11/18/2024","66.48","64.48","66.58","64.32","6.37M","2.66%"
"11/15/2024","64.76","66.31","66.83","64.59","6.23M","-3.37%"
"11/14/2024","67.02","68.64","69.18","66.80","6.42M","-2.15%"
"11/13/2024","68.49","69.00","69.81","67.83","5.68M","-2.48%"
"11/12/2024","70.23","69.90","71.30","68.99","4.85M","0.39%"
"11/11/2024","69.96","71.00","71.01","68.79","6.63M","-0.64%"
"11/08/2024","70.41","71.00","71.42","69.64","4.74M","-2.28%"
"11/07/2024","72.05","73.15","73.46","71.94","5.03M","-0.30%"
"11/06/2024","72.27","72.50","73.30","71.36","7.77M","2.95%"
"11/05/2024","70.20","69.34","70.61","68.48","5.02M","1.01%"
"11/04/2024","69.50","70.25","71.36","69.37","4.01M","-2.10%"
"11/01/2024","70.99","70.50","72.50","70.16","5.55M","0.71%"
"10/31/2024","70.49","73.36","73.44","69.28","9.98M","-4.26%"
"10/30/2024","73.63","73.65","76.06","72.82","8.09M","-1.43%"
"10/29/2024","74.70","72.24","75.20","70.62","8.22M","3.41%"
"10/28/2024","72.24","67.29","75.20","66.62","16.69M","1.39%"
"10/25/2024","71.25","70.60","72.98","70.57","10.77M","1.67%"
"10/24/2024","70.08","69.53","70.14","68.36","7.57M","3.10%"
"10/23/2024","67.97","69.36","69.68","66.47","9.26M","2.15%"
"10/22/2024","66.54","66.67","67.06","65.68","6.92M","-0.89%"
"10/21/2024","67.14","68.10","68.35","65.77","6.74M","-1.97%"
"10/18/2024","68.49","70.46","70.57","68.29","5.20M","-1.08%"
"10/17/2024","69.24","70.79","71.30","68.80","6.29M","0.30%"
"10/16/2024","69.03","70.66","71.21","68.91","7.30M","-0.42%"
"10/15/2024","69.32","72.71","74.18","68.64","9.30M","-4.77%"
"10/14/2024","72.79","71.00","72.97","70.04","4.94M","3.50%"
"10/11/2024","70.33","69.18","71.64","69.00","5.14M","0.03%"
"10/10/2024","70.31","69.88","70.39","69.16","4.04M","-0.97%"
"10/09/2024","71.00","70.35","71.19","69.81","3.87M","0.67%"
"10/08/2024","70.53","70.84","71.14","69.46","3.78M","-0.79%"
"10/07/2024","71.09","70.62","71.25","70.04","3.79M","-0.63%"
"10/04/2024","71.54","72.27","72.68","70.93","4.77M","1.72%"
"10/03/2024","70.33","70.61","71.46","69.50","3.65M","-1.65%"
"10/02/2024","71.51","71.09","72.56","70.39","4.33M","0.65%"
"10/01/2024","71.05","72.47","73.11","70.30","5.97M","-2.15%"
"09/30/2024","72.61","72.31","73.54","71.22","6.82M","-2.39%"
"09/27/2024","74.39","74.60","75.88","73.79","5.29M","1.46%"
"09/26/2024","73.32","72.36","73.91","70.09","5.75M","5.27%"
"09/25/2024","69.65","69.82","70.53","69.10","3.33M","-1.16%"
"09/24/2024","70.47","70.90","72.32","69.90","4.66M","1.05%"
"09/23/2024","69.74","69.98","70.78","69.50","5.11M","0.24%"
"09/20/2024","69.57","71.04","71.44","68.39","12.07M","-5.15%"
"09/19/2024","73.35","73.82","74.99","72.62","8.08M","3.84%"
"09/18/2024","70.64","71.29","73.36","70.15","4.12M","-1.09%"
"09/17/2024","71.42","71.47","72.30","70.52","2.71M","1.49%"
"09/16/2024","70.37","70.80","71.46","69.15","4.39M","-1.88%"
"09/13/2024","71.72","70.04","72.17","70.02","5.50M","3.45%"
"09/12/2024","69.33","70.07","70.10","68.20","4.17M","-1.77%"
"09/11/2024","70.58","68.46","70.73","66.36","7.46M","3.44%"
"09/10/2024","68.23","68.32","68.35","66.96","4.38M","-1.67%"
"09/09/2024","69.39","68.80","70.24","68.59","6.39M","2.16%"
"09/06/2024","67.92","70.01","71.28","67.41","8.47M","-3.32%"
"09/05/2024","70.25","69.67","71.90","69.41","4.79M","-0.40%"
"09/04/2024","70.53","69.89","72.16","69.28","6.16M","-0.33%"
"09/03/2024","70.76","76.41","76.41","69.92","10.79M","-9.13%"
"08/30/2024","77.87","78.12","78.47","76.66","4.81M","2.06%"
"08/29/2024","76.30","75.93","78.61","75.48","4.85M","2.24%"
"08/28/2024","74.63","76.00","76.18","73.71","4.76M","-1.88%"
"08/27/2024","76.06","74.34","76.68","73.09","3.81M","1.66%"
"08/26/2024","74.82","76.22","76.25","74.38","5.17M","-2.02%"
"08/23/2024","76.36","74.67","76.45","74.33","5.69M","4.08%"
"08/22/2024","73.37","76.97","77.00","73.11","7.23M","-4.32%"
"08/21/2024","76.68","76.96","77.94","75.89","5.33M","1.13%"
"08/20/2024","75.82","76.78","77.08","75.21","5.06M","-2.44%"
"08/19/2024","77.72","75.64","77.77","75.01","5.01M","2.48%"
"08/16/2024","75.84","75.00","76.48","74.82","5.39M","-0.05%"
"08/15/2024","75.88","73.00","76.62","72.82","8.37M","6.75%"
"08/14/2024","71.08","73.05","73.24","70.28","5.07M","-2.51%"
"08/13/2024","72.91","71.39","73.34","70.72","5.65M","3.61%"
"08/12/2024","70.37","71.32","71.66","69.61","3.96M","-1.30%"
"08/09/2024","71.30","70.97","71.89","69.92","4.28M","-1.29%"
"08/08/2024","72.23","68.95","72.48","68.23","9.54M","8.80%"
"08/07/2024","66.39","70.08","71.21","66.18","7.37M","-3.09%"
"08/06/2024","68.51","69.02","70.72","67.45","6.39M","-0.67%"
"08/05/2024","68.97","66.85","71.92","66.51","10.31M","1.50%"
"08/02/2024","67.95","69.50","69.85","67.13","11.55M","-5.49%"
"08/01/2024","71.90","76.28","76.90","70.98","11.57M","-8.12%"
"07/31/2024","78.25","75.80","79.45","74.83","11.05M","5.79%"
"07/30/2024","73.97","77.80","78.19","73.76","11.85M","-5.49%"
"07/29/2024","78.27","75.90","80.08","75.50","22.29M","11.54%"
"07/26/2024","70.17","69.15","70.78","68.66","7.77M","3.89%"
"07/25/2024","67.54","67.84","70.72","66.78","9.67M","-3.67%"
"07/24/2024","70.11","73.10","73.69","69.95","8.14M","-4.47%"
"07/23/2024","73.39","75.00","75.39","72.82","7.56M","-5.10%"
"07/22/2024","77.33","75.34","77.56","73.76","7.76M","6.62%"
"07/19/2024","72.53","75.03","75.37","72.02","6.34M","-3.84%"
"07/18/2024","75.43","76.29","77.95","74.96","5.72M","-0.04%"
"07/17/2024","75.46","77.32","78.01","75.28","9.93M","-4.17%"
"07/16/2024","78.74","76.65","78.76","76.14","3.56M","3.10%"
"07/15/2024","76.37","75.76","77.91","75.53","4.89M","-0.65%"
"07/12/2024","76.87","74.86","78.31","74.34","5.95M","3.54%"
"07/11/2024","74.24","75.89","76.99","74.19","7.40M","-3.07%"
"07/10/2024","76.59","74.44","76.72","74.19","5.69M","4.23%"
"07/09/2024","73.48","74.56","74.57","72.37","5.86M","-2.04%"
"07/08/2024","75.01","73.12","75.15","73.04","4.72M","2.22%"
"07/05/2024","73.38","73.15","74.67","72.77","3.03M","0.96%"
"07/03/2024","72.68","73.36","74.60","72.35","3.91M","-0.33%"
"07/02/2024","72.92","70.10","72.96","70.10","5.80M","5.41%"
"07/01/2024","69.18","68.96","69.87","67.79","4.69M","0.92%"
"06/28/2024","68.55","68.19","69.38","67.80","5.26M","1.02%"
"06/27/2024","67.86","67.85","68.39","67.35","3.81M","-0.45%"
"06/26/2024","68.17","67.52","68.63","67.46","3.59M","0.49%"
"06/25/2024","67.84","68.13","68.54","66.76","4.49M","0.07%"
"06/24/2024","67.79","68.20","69.38","67.48","4.97M","-1.07%"
"06/21/2024","68.52","67.82","69.09","67.50","9.84M","1.32%"
"06/20/2024","67.63","69.18","69.68","67.18","8.42M","-4.38%"
"06/18/2024","70.73","70.61","71.45","70.36","4.32M","0.00%"
"06/17/2024","70.73","71.89","71.93","69.38","6.76M","-1.72%"
"06/14/2024","71.97","73.34","73.96","71.50","4.53M","-4.09%"
"06/13/2024","75.04","74.17","76.70","74.00","4.78M","-1.55%"
"06/12/2024","76.22","75.50","77.22","75.11","6.67M","3.03%"
"06/11/2024","73.98","73.12","74.44","72.16","4.29M","0.65%"
"06/10/2024","73.50","71.59","73.99","71.50","5.33M","1.65%"
"06/07/2024","72.31","72.30","72.56","71.21","3.83M","-0.19%"
"06/06/2024","72.45","74.18","74.25","72.30","6.56M","-2.80%"
"06/05/2024","74.54","72.45","74.60","71.86","6.27M","4.22%"
"06/04/2024","71.52","73.05","73.45","70.90","3.72M","-2.28%"
"06/03/2024","73.19","74.01","74.49","71.35","3.65M","0.21%"
"05/31/2024","73.04","71.85","73.20","70.64","5.74M","1.29%"
"05/30/2024","72.11","71.05","72.47","70.61","3.57M","1.55%"
"05/29/2024","71.01","71.95","72.52","70.89","4.96M","-3.58%"
"05/28/2024","73.65","72.43","75.34","72.42","5.79M","1.50%"
"05/24/2024","72.56","72.46","73.23","71.82","5.17M","1.27%"
"05/23/2024","71.65","76.67","76.73","71.29","9.59M","-6.08%"
"05/22/2024","76.29","74.24","77.20","73.91","8.19M","4.77%"
"05/21/2024","72.82","73.15","73.35","72.15","4.33M","-1.97%"
"05/20/2024","74.28","73.07","74.79","72.88","4.50M","1.52%"
"05/17/2024","73.17","73.43","73.86","72.69","3.84M","0.23%"
"05/16/2024","73.00","74.46","74.65","72.92","5.43M","-2.33%"
"05/15/2024","74.74","74.42","74.84","72.88","6.42M","2.40%"
"05/14/2024","72.99","73.23","74.14","72.64","4.89M","0.91%"
"05/13/2024","72.33","71.29","73.06","71.01","4.43M","2.65%"
"05/10/2024","70.46","71.78","71.78","69.93","3.67M","-1.12%"
"05/09/2024","71.26","70.51","71.84","70.29","5.47M","0.83%"
"05/08/2024","70.67","69.65","70.74","69.07","4.10M","-0.17%"
"05/07/2024","70.79","70.46","72.44","70.27","6.89M","1.61%"
"05/06/2024","69.67","70.68","70.99","69.01","6.05M","-0.99%"
"05/03/2024","70.37","71.65","72.26","69.98","6.52M","0.51%"
"05/02/2024","70.01","70.22","70.85","68.06","6.51M","1.45%"
"05/01/2024","69.01","68.99","71.92","68.76","8.88M","-1.64%"
"04/30/2024","70.16","70.00","72.75","69.94","8.42M","-0.93%"
"04/29/2024","70.82","68.00","71.44","67.58","13.47M","4.06%"
"04/26/2024","68.06","66.22","68.96","66.17","12.86M","2.53%"
"04/25/2024","66.38","65.55","67.32","65.47","9.33M","1.30%"
"04/24/2024","65.53","67.17","67.45","64.33","12.81M","6.24%"
"04/23/2024","61.68","60.58","61.98","60.37","6.92M","1.70%"
"04/22/2024","60.65","61.02","61.31","59.34","7.41M","-0.10%"
"04/19/2024","60.71","61.15","62.51","60.26","9.86M","-3.53%"
"04/18/2024","62.93","63.01","63.77","61.51","8.44M","-2.39%"
"04/17/2024","64.47","65.28","65.87","64.11","6.83M","-0.39%"
"04/16/2024","64.72","65.40","65.50","64.06","5.21M","-1.40%"
"04/15/2024","65.64","67.85","67.95","64.88","7.08M","-1.50%"
"04/12/2024","66.64","69.19","69.38","66.57","7.45M","-5.61%"
"04/11/2024","70.60","69.64","70.77","69.06","5.21M","1.98%"
"04/10/2024","69.23","69.23","70.02","68.39","4.86M","-2.41%"
"04/09/2024","70.94","69.83","71.98","69.64","6.34M","3.19%"
"04/08/2024","68.75","69.31","70.36","68.58","3.92M","-0.82%"
"04/05/2024","69.32","69.10","69.67","68.11","7.57M","0.32%"
"04/04/2024","69.10","71.39","72.54","68.80","7.28M","-2.30%"
"04/03/2024","70.73","70.29","71.51","69.87","5.31M","0.35%"
"04/02/2024","70.48","71.80","72.00","70.31","7.11M","-4.56%"
"04/01/2024","73.85","73.89","74.89","73.14","4.60M","0.41%"
"03/28/2024","73.55","75.43","76.08","73.38","7.41M","-2.72%"
"03/27/2024","75.61","73.92","75.77","73.00","6.72M","3.73%"
"03/26/2024","72.89","74.00","74.16","72.67","5.88M","-0.88%"
"03/25/2024","73.54","72.20","74.55","72.12","5.46M","-1.53%"
"03/22/2024","74.68","75.00","75.74","73.86","3.35M","-1.45%"
"03/21/2024","75.78","76.83","77.41","75.17","5.93M","0.28%"
"03/20/2024","75.57","73.64","76.05","73.08","5.95M","2.07%"
"03/19/2024","74.04","73.16","74.56","72.85","4.61M","0.30%"
"03/18/2024","73.82","75.49","75.72","73.73","5.86M","-1.40%"
"03/15/2024","74.87","74.44","76.28","74.44","9.73M","-2.98%"
"03/14/2024","77.17","79.43","79.69","76.15","6.78M","-3.40%"
"03/13/2024","79.89","81.13","82.33","79.69","5.26M","-3.27%"
"03/12/2024","82.59","82.30","82.65","80.29","5.92M","1.21%"
"03/11/2024","81.60","78.66","81.60","78.11","6.60M","3.36%"
"03/08/2024","78.95","82.44","83.64","78.90","7.83M","-4.83%"
"03/07/2024","82.96","77.83","85.16","77.83","10.64M","6.88%"
"03/06/2024","77.62","78.81","79.39","77.06","8.11M","0.82%"
"03/05/2024","76.99","78.40","79.27","75.72","6.56M","-3.62%"
"03/04/2024","79.88","81.76","81.95","79.43","5.36M","-1.55%"
"03/01/2024","81.14","79.16","82.33","78.77","6.85M","2.81%"
"02/29/2024","78.92","77.61","79.08","77.04","7.60M","3.20%"
"02/28/2024","76.47","75.96","77.21","75.56","3.36M","-0.65%"
"02/27/2024","76.97","78.50","79.81","76.97","4.92M","-0.77%"
"02/26/2024","77.57","76.87","78.31","76.36","4.44M","1.81%"
"02/23/2024","76.19","78.10","78.38","76.19","6.00M","-2.77%"
"02/22/2024","78.36","79.59","79.59","77.45","8.04M","0.95%"
"02/21/2024","77.62","76.37","77.71","76.12","5.60M","0.19%"
"02/20/2024","77.47","77.42","77.95","76.23","5.26M","-1.49%"
"02/16/2024","78.64","80.94","81.21","78.19","4.91M","-2.46%"
"02/15/2024","80.62","82.23","82.60","80.45","5.52M","-1.29%"
"02/14/2024","81.67","79.91","81.82","79.21","8.51M","3.92%"
"02/13/2024","78.59","78.00","79.66","77.15","7.44M","-2.88%"
"02/12/2024","80.92","81.00","83.43","80.68","6.58M","0.15%"
"02/09/2024","80.80","81.39","81.59","79.71","6.27M","0.11%"
"02/08/2024","80.71","77.13","80.93","77.13","8.99M","4.87%"
"02/07/2024","76.96","77.04","77.48","75.09","7.46M","0.84%"
"02/06/2024","76.32","77.03","77.37","74.90","11.11M","-1.64%"
"02/05/2024","77.59","75.60","78.75","75.44","16.00M","9.54%"
"02/02/2024","70.83","69.20","71.14","68.78","9.87M","0.91%"
"02/01/2024","70.19","71.60","71.95","69.25","9.57M","-1.32%"
"01/31/2024","71.13","71.43","73.06","70.72","7.18M","-1.98%"
"01/30/2024","72.57","72.91","73.60","72.17","6.61M","-0.62%"
"01/29/2024","73.02","72.25","73.02","71.67","8.61M","1.83%"
"01/26/2024","71.71","72.10","73.60","71.46","10.02M","-1.35%"
"01/25/2024","72.69","75.86","75.96","72.31","13.00M","-3.27%"
"01/24/2024","75.15","76.27","77.47","75.00","8.80M","-2.08%"
"01/23/2024","76.75","75.98","77.07","75.29","6.94M","2.07%"
"01/22/2024","75.19","74.50","76.62","74.36","7.96M","1.79%"
"01/19/2024","73.87","74.20","74.48","72.60","12.68M","0.89%"
"01/18/2024","73.22","74.01","74.56","71.93","11.31M","1.31%"
"01/17/2024","72.27","72.32","72.40","70.70","8.16M","-2.07%"
"01/16/2024","73.80","73.13","74.83","72.55","6.90M","0.45%"
"01/12/2024","73.47","74.20","75.33","73.25","5.10M","-1.29%"
"01/11/2024","74.43","75.59","75.90","72.94","10.26M","-1.56%"
"01/10/2024","75.61","76.00","76.35","73.17","11.84M","-1.84%"
"01/09/2024","77.03","76.60","77.89","75.76","7.56M","-1.17%"
"01/08/2024","77.94","76.34","78.72","76.17","6.37M","2.96%"
"01/05/2024","75.70","76.16","77.09","75.07","6.84M","-0.66%"
"01/04/2024","76.20","75.85","77.99","74.80","10.67M","-3.92%"
"01/03/2024","79.31","79.38","79.78","77.56","6.16M","-2.63%"
"01/02/2024","81.45","82.77","83.72","80.28","7.94M","-2.49%"
"12/29/2023","83.53","85.07","85.14","82.89","4.19M","-1.71%"
"12/28/2023","84.98","85.00","85.50","84.26","3.06M","-0.08%"
"12/27/2023","85.05","85.84","86.10","84.60","3.44M","-0.49%"
"12/26/2023","85.47","84.50","85.97","84.15","3.22M","1.74%"
"12/22/2023","84.01","83.90","84.47","82.99","2.43M","0.43%"
"12/21/2023","83.65","83.00","84.05","82.66","4.49M","3.06%"
"12/20/2023","81.17","84.00","84.96","81.13","6.14M","-4.21%"
"12/19/2023","84.74","83.76","85.00","83.54","4.39M","1.17%"
"12/18/2023","83.76","85.00","85.24","82.76","6.35M","-2.21%"
"12/15/2023","85.65","85.64","86.77","84.50","16.81M","-0.65%"
"12/14/2023","86.21","82.50","86.46","82.46","11.34M","6.35%"
"12/13/2023","81.06","78.96","81.62","77.86","5.77M","3.41%"
"12/12/2023","78.39","78.81","78.90","77.57","6.31M","-1.27%"
"12/11/2023","79.40","76.68","80.20","76.45","7.90M","4.28%"
"12/08/2023","76.14","75.57","77.25","75.52","4.58M","0.40%"
"12/07/2023","75.84","73.76","76.31","73.63","6.25M","3.27%"
"12/06/2023","73.44","73.65","74.75","73.15","5.20M","1.60%"
"12/05/2023","72.28","72.64","72.91","71.45","3.37M","-1.12%"
"12/04/2023","73.10","73.26","74.17","71.73","5.50M","-1.46%"
"12/01/2023","74.18","71.25","74.24","70.89","6.07M","4.00%"
"11/30/2023","71.33","72.16","72.42","70.66","7.15M","-0.40%"
"11/29/2023","71.62","70.45","73.22","70.39","7.75M","3.65%"
"11/28/2023","69.10","68.72","69.44","68.23","4.43M","0.61%"
"11/27/2023","68.68","68.90","69.54","68.42","4.04M","-0.87%"
"11/24/2023","69.28","68.64","69.45","68.61","1.72M","1.05%"
"11/22/2023","68.56","68.88","69.82","68.24","4.38M","0.25%"
"11/21/2023","68.39","70.04","70.23","68.15","6.00M","-3.24%"
"11/20/2023","70.68","69.96","70.75","69.72","4.34M","0.93%"
"11/17/2023","70.03","69.73","70.31","69.07","4.05M","0.82%"
"11/16/2023","69.46","70.91","71.07","69.02","6.02M","-2.35%"
"11/15/2023","71.13","71.04","72.90","70.86","6.13M","1.67%"
"11/14/2023","69.96","69.35","70.69","69.08","9.08M","4.97%"
"11/13/2023","66.65","66.37","66.82","65.75","7.08M","-1.08%"
"11/10/2023","67.38","65.50","67.84","65.14","7.93M","4.71%"
"11/09/2023","64.35","66.28","66.50","64.03","10.55M","-2.87%"
"11/08/2023","66.25","66.77","66.82","65.46","8.91M","-0.82%"
"11/07/2023","66.80","66.28","67.46","65.80","9.65M","0.86%"
"11/06/2023","66.23","68.65","68.96","65.42","9.26M","-2.96%"
"11/03/2023","68.25","67.37","68.88","66.87","11.67M","2.43%"
"11/02/2023","66.63","65.92","67.34","64.28","12.03M","2.76%"
"11/01/2023","64.84","62.50","64.86","61.47","15.56M","3.51%"
"10/31/2023","62.64","64.18","65.03","61.72","22.21M","-4.13%"
"10/30/2023","65.34","73.29","73.59","64.99","39.76M","-21.77%"
"10/27/2023","83.52","84.27","84.57","82.65","10.64M","0.88%"
"10/26/2023","82.79","82.77","84.57","82.01","8.23M","2.01%"
"10/25/2023","81.16","82.85","84.25","80.62","8.73M","-4.62%"
"10/24/2023","85.09","84.09","85.78","83.63","5.27M","1.77%"
"10/23/2023","83.61","84.07","85.32","82.90","5.55M","-1.44%"
"10/20/2023","84.83","87.00","87.69","83.85","7.08M","-2.51%"
"10/19/2023","87.01","90.00","90.09","86.55","5.61M","-2.88%"
"10/18/2023","89.59","90.00","90.60","88.63","5.34M","-2.29%"
"10/17/2023","91.69","90.07","92.86","90.00","4.73M","0.00%"
"10/16/2023","91.69","89.83","92.05","89.52","4.81M","2.86%"
"10/13/2023","89.14","93.77","93.92","88.82","5.44M","-4.20%"
"10/12/2023","93.05","95.35","95.59","92.28","5.60M","-2.20%"
"10/11/2023","95.14","93.53","95.20","93.38","3.88M","1.95%"
"10/10/2023","93.32","91.90","94.19","91.56","4.31M","2.63%"
"10/09/2023","90.93","89.80","91.18","89.09","2.23M","0.00%"
"10/06/2023","90.93","87.77","91.50","86.84","4.10M","3.13%"
"10/05/2023","88.17","89.74","90.25","86.94","4.08M","-2.02%"
"10/04/2023","89.99","87.50","90.71","87.31","7.26M","0.26%"
"10/03/2023","89.76","92.04","92.83","88.35","6.10M","-3.87%"
"10/02/2023","93.37","93.95","95.64","92.04","3.94M","0.45%"
"09/29/2023","92.95","95.50","95.67","92.76","4.21M","-1.17%"
"09/28/2023","94.05","92.14","95.64","91.43","4.39M","2.17%"
"09/27/2023","92.05","91.30","92.76","90.21","4.68M","2.11%"
"09/26/2023","90.15","93.42","93.71","89.28","6.59M","-4.56%"
"09/25/2023","94.46","92.98","95.07","92.51","2.77M","0.69%"
"09/22/2023","93.81","92.16","94.70","91.95","5.17M","3.17%"
"09/21/2023","90.93","91.77","92.37","90.83","5.11M","-2.06%"
"09/20/2023","92.84","94.97","95.69","92.79","2.90M","-1.49%"
"09/19/2023","94.24","94.53","94.87","92.93","3.42M","-0.38%"
"09/18/2023","94.60","92.00","94.92","92.00","3.30M","1.61%"
"09/15/2023","93.10","95.72","95.87","92.27","9.75M","-3.49%"
"09/14/2023","96.47","97.94","98.07","94.80","5.54M","-0.37%"
"09/13/2023","96.83","96.82","98.58","96.39","4.06M","0.04%"
"09/12/2023","96.79","96.62","99.45","96.42","3.41M","-1.08%"
"09/11/2023","97.85","99.18","99.37","95.95","3.92M","-0.07%"
"09/08/2023","97.92","98.75","99.75","96.94","3.60M","-0.60%"
"09/07/2023","98.51","97.46","99.15","96.12","4.72M","-0.99%"
"09/06/2023","99.49","99.30","101.30","97.74","3.37M","0.18%"
"09/05/2023","99.31","99.23","100.21","97.17","3.14M","-0.09%"
"09/01/2023","99.40","99.31","99.85","97.75","3.23M","0.95%"
"08/31/2023","98.46","98.61","100.29","98.18","5.80M","-0.39%"
"08/30/2023","98.85","97.20","99.44","96.57","4.35M","1.27%"
"08/29/2023","97.61","93.18","97.88","93.00","5.69M","4.25%"
"08/28/2023","93.63","93.13","94.50","92.98","3.90M","1.42%"
"08/25/2023","92.32","90.63","92.78","89.73","4.66M","2.62%"
"08/24/2023","89.96","94.49","94.66","89.73","6.01M","-3.14%"
"08/23/2023","92.88","90.77","93.36","90.39","5.77M","0.55%"
"08/22/2023","92.37","94.86","95.18","92.14","3.92M","-0.71%"
"08/21/2023","93.03","91.50","93.52","91.23","4.58M","2.53%"
"08/18/2023","90.73","89.04","91.23","88.63","4.65M","0.78%"
"08/17/2023","90.03","92.09","92.68","89.91","6.77M","-2.33%"
"08/16/2023","92.18","94.29","94.58","92.03","5.26M","-2.07%"
"08/15/2023","94.13","96.21","96.41","93.89","4.85M","-3.08%"
"08/14/2023","97.12","94.20","97.15","93.57","5.28M","2.70%"
"08/11/2023","94.57","96.51","96.70","94.31","5.44M","-3.23%"
"08/10/2023","97.73","100.55","101.15","97.06","4.73M","-1.37%"
"08/09/2023","99.09","101.37","101.52","98.88","4.85M","-2.26%"
"08/08/2023","101.38","102.33","102.33","99.90","4.18M","-2.13%"
"08/07/2023","103.59","104.00","104.87","102.68","4.11M","1.25%"
"08/04/2023","102.31","101.43","103.71","100.48","6.47M","-0.38%"
"08/03/2023","102.70","101.45","102.95","100.40","6.05M","-0.84%"
"08/02/2023","103.57","106.89","107.16","103.12","6.91M","-4.18%"
"08/01/2023","108.09","107.73","109.41","106.60","5.45M","0.32%"
"07/31/2023","107.75","109.74","111.35","107.08","14.16M","2.53%"
"07/28/2023","105.09","103.70","105.39","102.50","7.61M","2.92%"
"07/27/2023","102.11","103.06","104.53","100.80","7.43M","2.88%"
"07/26/2023","99.25","99.32","100.33","97.96","5.53M","-0.79%"
"07/25/2023","100.04","98.46","101.57","98.29","5.92M","2.41%"
"07/24/2023","97.69","96.33","98.06","95.88","5.18M","-1.08%"
"07/21/2023","98.76","98.41","99.29","97.75","10.01M","1.50%"
"07/20/2023","97.30","100.17","101.52","96.29","9.22M","-4.52%"
"07/19/2023","101.91","104.81","104.81","101.88","6.10M","-2.79%"
"07/18/2023","104.84","104.06","105.35","102.90","5.22M","0.49%"
"07/17/2023","104.33","99.80","104.88","99.50","6.87M","4.66%"
"07/14/2023","99.68","102.00","102.65","99.11","4.98M","-2.31%"
"07/13/2023","102.04","99.39","102.31","98.63","6.47M","3.46%"
"07/12/2023","98.63","98.37","98.98","97.14","4.78M","2.06%"
"07/11/2023","96.64","97.34","97.51","95.18","3.96M","0.69%"
"07/10/2023","95.98","93.98","96.03","93.55","4.80M","2.87%"
"07/07/2023","93.30","93.34","94.81","92.35","4.15M","0.75%"
"07/06/2023","92.61","91.66","92.72","90.69","4.69M","-0.37%"
"07/05/2023","92.95","95.51","95.93","92.87","5.81M","-4.01%"
"07/03/2023","96.83","95.46","96.85","94.72","3.60M","2.38%"
"06/30/2023","94.58","93.00","95.32","92.61","5.40M","2.72%"
"06/29/2023","92.08","92.00","92.32","90.72","3.83M","0.95%"
"06/28/2023","91.21","90.62","92.78","90.57","4.35M","-0.72%"
"06/27/2023","91.87","88.63","91.95","88.10","5.38M","3.67%"
"06/26/2023","88.62","88.64","90.00","87.96","4.25M","1.26%"
"06/23/2023","87.52","86.94","87.98","86.20","9.14M","-1.61%"
"06/22/2023","88.95","87.07","89.26","87.00","4.64M","1.00%"
"06/21/2023","88.07","88.77","89.79","87.56","4.97M","-1.47%"
"06/20/2023","89.38","89.55","90.88","88.21","5.85M","-0.85%"
"06/16/2023","90.15","91.79","92.07","89.61","28.13M","-0.93%"
"06/15/2023","91.00","91.29","92.00","90.65","8.12M","-1.88%"
"06/14/2023","92.74","92.12","93.35","90.67","7.15M","0.08%"
"06/13/2023","92.67","92.04","93.44","91.34","7.62M","1.77%"
"06/12/2023","91.06","90.19","91.36","89.36","6.53M","2.29%"
"06/09/2023","89.02","91.76","92.68","88.11","6.37M","-1.08%"
"06/08/2023","89.99","89.86","90.71","88.71","4.13M","0.84%"
"06/07/2023","89.24","89.14","92.13","89.03","7.82M","0.86%"
"06/06/2023","88.48","85.55","89.11","85.52","5.22M","3.33%"
"06/05/2023","85.63","87.08","87.24","84.95","3.77M","-1.38%"
"06/02/2023","86.83","88.80","89.44","85.87","5.14M","-1.27%"
"06/01/2023","87.95","84.94","88.31","84.05","6.93M","5.20%"
"05/31/2023","83.60","82.35","85.25","82.00","9.84M","-0.44%"
"05/30/2023","83.97","89.35","89.83","83.45","9.09M","-3.06%"
"05/26/2023","86.62","82.87","87.77","82.83","10.52M","5.63%"
"05/25/2023","82.00","80.12","82.71","77.92","9.60M","2.77%"
"05/24/2023","79.79","80.14","80.86","78.35","8.64M","-3.33%"
"05/23/2023","82.54","84.33","84.64","81.80","6.68M","-3.17%"
"05/22/2023","85.24","83.91","85.59","83.71","5.09M","1.04%"
"05/19/2023","84.36","86.19","86.46","83.58","8.19M","-2.46%"
"05/18/2023","86.49","86.00","87.07","84.91","7.62M","1.00%"
"05/17/2023","85.63","84.63","86.90","82.11","12.76M","3.12%"
"05/16/2023","83.04","82.01","85.39","81.71","11.00M","0.79%"
"05/15/2023","82.39","81.76","82.46","80.56","6.13M","1.29%"
"05/12/2023","81.34","81.22","83.04","80.07","6.48M","1.27%"
"05/11/2023","80.32","79.42","80.75","78.42","4.44M","0.56%"
"05/10/2023","79.87","80.50","80.72","78.87","5.19M","1.35%"
"05/09/2023","78.81","79.21","79.94","77.47","4.74M","-2.12%"
"05/08/2023","80.52","81.24","81.72","79.58","3.42M","-0.86%"
"05/05/2023","81.22","77.66","81.58","77.33","7.09M","4.36%"
"05/04/2023","77.83","78.00","79.26","77.09","5.19M","-0.95%"
"05/03/2023","78.58","79.05","80.37","78.43","5.13M","-0.75%"
"05/02/2023","79.17","79.38","81.38","77.87","8.33M","1.07%"
"05/01/2023","78.33","74.89","78.98","74.17","16.26M","8.85%"
"04/28/2023","71.96","69.97","72.06","68.84","10.27M","2.83%"
"04/27/2023","69.98","68.68","70.08","66.67","14.02M","-2.74%"
"04/26/2023","71.95","71.54","72.44","70.53","5.87M","2.27%"
"04/25/2023","70.35","73.30","73.50","70.27","7.89M","-5.42%"
"04/24/2023","74.38","73.77","74.39","73.19","2.85M","0.87%"
"04/21/2023","73.74","74.00","74.21","73.02","4.08M","-0.70%"
"04/20/2023","74.26","73.28","75.77","72.18","7.69M","-3.46%"
"04/19/2023","76.92","78.14","78.65","76.36","4.34M","-2.89%"
"04/18/2023","79.21","79.23","80.07","78.37","4.17M","1.02%"
"04/17/2023","78.41","77.08","78.57","76.69","3.81M","0.63%"
"04/14/2023","77.92","77.60","79.42","76.60","3.73M","0.43%"
"04/13/2023","77.59","76.67","78.11","75.90","3.29M","1.48%"
"04/12/2023","76.46","78.78","78.79","76.32","4.85M","-0.98%"
"04/11/2023","77.22","78.63","78.93","77.05","3.61M","-0.62%"
"04/10/2023","77.70","74.65","77.88","74.54","4.28M","3.13%"
"04/06/2023","75.34","75.24","76.37","74.39","3.53M","-1.57%"
"04/05/2023","76.54","77.46","77.88","75.42","4.94M","-2.48%"
"04/04/2023","78.49","81.51","81.51","77.84","5.62M","-3.27%"
"04/03/2023","81.14","81.71","82.21","79.88","4.43M","-1.43%"
"03/31/2023","82.32","81.58","82.55","81.04","5.85M","0.60%"
"03/30/2023","81.83","81.03","82.52","80.57","6.13M","2.45%"
"03/29/2023","79.87","78.28","80.69","77.18","7.23M","4.36%"
"03/28/2023","76.53","75.10","77.71","73.69","12.41M","1.14%"
"03/27/2023","75.67","78.05","78.18","74.47","10.19M","-2.75%"
"03/24/2023","77.81","79.82","80.48","77.10","5.79M","-3.90%"
"03/23/2023","80.97","80.12","82.87","78.79","6.18M","2.73%"
"03/22/2023","78.82","81.52","82.39","78.41","5.51M","-3.11%"
"03/21/2023","81.35","80.89","82.87","79.81","4.83M","1.71%"
"03/20/2023","79.98","78.73","80.52","77.59","4.82M","2.17%"
"03/17/2023","78.28","80.31","80.53","77.70","6.98M","-2.76%"
"03/16/2023","80.50","77.63","80.85","77.00","7.27M","3.21%"
"03/15/2023","78.00","79.11","79.85","76.14","7.51M","-3.94%"
"03/14/2023","81.20","80.16","82.75","79.47","6.10M","4.44%"
"03/13/2023","77.75","76.71","79.14","76.37","6.91M","-0.80%"
"03/10/2023","78.38","82.34","82.60","77.53","6.37M","-3.72%"
"03/09/2023","81.41","82.88","84.97","81.26","8.24M","-2.03%"
"03/08/2023","83.10","79.72","83.40","79.62","8.94M","5.59%"
"03/07/2023","78.70","78.03","79.60","77.83","6.45M","1.67%"
"03/06/2023","77.41","79.46","79.81","76.98","4.97M","-1.94%"
"03/03/2023","78.94","76.98","79.07","76.05","6.05M","2.85%"
"03/02/2023","76.75","73.56","77.32","72.00","14.20M","-1.89%"
"03/01/2023","78.23","78.12","79.24","77.31","4.73M","1.06%"
"02/28/2023","77.41","77.51","78.73","76.82","6.80M","-0.41%"
"02/27/2023","77.73","77.69","78.80","76.63","6.84M","1.90%"
"02/24/2023","76.28","77.10","77.12","75.52","16.70M","-2.69%"
"02/23/2023","78.39","79.38","79.91","76.19","14.75M","-0.22%"
"02/22/2023","78.56","79.45","79.91","77.68","5.67M","-0.91%"
"02/21/2023","79.28","80.40","81.76","79.05","6.31M","-3.15%"
"02/17/2023","81.86","83.39","83.63","80.38","7.14M","-2.70%"
"02/16/2023","84.13","85.12","86.68","83.88","5.87M","-2.98%"
"02/15/2023","86.71","85.67","87.02","85.46","6.71M","-0.20%"
"02/14/2023","86.88","83.60","87.40","83.35","6.03M","2.96%"
"02/13/2023","84.38","84.63","84.76","83.66","5.71M","0.69%"
"02/10/2023","83.80","83.76","84.11","82.20","6.68M","-1.12%"
"02/09/2023","84.75","85.13","87.55","83.97","9.18M","1.38%"
"02/08/2023","83.60","84.27","85.20","82.93","9.98M","-2.26%"
"02/07/2023","85.53","81.06","86.15","80.84","11.49M","6.38%"